{
  "timestamp": "2025-12-16T17:20:23.633395",
  "config": {
    "m0": 25000.0,
    "m_dry": 22000.0,
    "Isp": 282.0,
    "T_max": 845000.0,
    "T_min": 250000.0,
    "gamma_gs_deg": 6.0,
    "theta_max_deg": 20.0,
    "r0": [
      500.0,
      100.0,
      1500.0
    ],
    "v0": [
      20.0,
      5.0,
      -75.0
    ]
  },
  "optimal_solution": {
    "tf": 25.10344827586207,
    "fuel_used_kg": 2887.8081875720745,
    "final_mass_kg": 22112.191812427925,
    "solve_time_ms": 174.56889152526855,
    "losslessness": {
      "is_tight": true,
      "max_relative_slack": 3.292431035935292e-08
    }
  },
  "grid_search": {
    "tf_values": [
      22.0,
      22.344827586206897,
      22.689655172413794,
      23.03448275862069,
      23.379310344827587,
      23.724137931034484,
      24.06896551724138,
      24.413793103448278,
      24.758620689655174,
      25.10344827586207,
      25.448275862068964,
      25.79310344827586,
      26.137931034482758,
      26.482758620689655,
      26.82758620689655,
      27.17241379310345,
      27.517241379310345,
      27.862068965517242,
      28.20689655172414,
      28.551724137931036,
      28.896551724137932,
      29.24137931034483,
      29.586206896551722,
      29.93103448275862,
      30.275862068965516,
      30.620689655172413,
      30.96551724137931,
      31.310344827586206,
      31.655172413793103,
      32.0
    ],
    "fuel_values": [
      null,
      null,
      null,
      null,
      null,
      null,
      null,
      null,
      null,
      2887.8081875720745,
      2902.83078817746,
      2921.4817237643983,
      2941.7306044203942,
      2962.9842057915776,
      2984.9461181274382,
      null,
      null,
      null,
      null,
      null,
      null,
      null,
      null,
      null,
      null,
      null,
      null,
      null,
      null,
      null
    ],
    "feasible": [
      false,
      false,
      false,
      false,
      false,
      false,
      false,
      false,
      false,
      true,
      true,
      true,
      true,
      true,
      true,
      false,
      false,
      false,
      false,
      false,
      false,
      false,
      false,
      false,
      false,
      false,
      false,
      false,
      false,
      false
    ]
  }
}